harassment_count,dark_area_count,robbery_count,other_count,route_length_km,time_band,safe_label
0,1,1,2,7.72,evening,0
2,1,1,3,2.14,day,0
2,0,3,1,6.48,evening,0
1,2,2,1,10.0,evening,0
0,2,0,2,6.37,evening,0
2,1,0,0,6.59,day,0
2,1,1,4,4.82,day,0
4,4,2,4,9.76,night,0
0,1,0,4,7.5,day,0
0,1,0,0,3.62,evening,1
0,1,0,5,4.7,evening,0
0,0,2,2,6.8,day,0
0,3,2,0,3.79,night,0
3,1,2,4,5.1,evening,0
2,0,2,2,5.79,evening,0
2,0,0,3,8.41,day,0
2,0,2,5,9.92,day,0
0,2,0,5,4.77,night,0
2,1,1,0,2.0,day,0
0,1,0,1,1.74,day,1
0,4,3,4,9.13,night,0
2,1,2,4,5.08,day,0
2,1,3,3,6.54,evening,0
3,2,1,1,9.72,evening,0
0,0,0,0,6.66,day,1
3,0,0,4,9.8,evening,0
3,1,2,1,3.67,evening,0
4,4,1,2,9.15,night,0
3,1,3,3,6.01,evening,0
3,0,1,5,5.07,evening,0
0,3,1,4,1.26,night,0
2,0,0,2,7.53,day,0
2,3,4,0,7.7,night,0
3,3,0,1,4.56,night,0
2,1,1,1,8.95,day,0
0,0,0,3,2.62,day,1
4,4,1,5,8.45,night,0
2,2,0,0,9.24,night,0
0,1,2,4,8.22,evening,0
3,2,1,2,2.07,evening,0
0,3,4,3,5.99,night,0
3,2,2,0,4.05,evening,0
1,0,1,0,9.56,day,0
1,0,1,5,4.43,day,0
2,1,0,4,4.58,day,0
0,1,1,1,4.35,evening,0
2,0,2,2,8.87,evening,0
1,0,2,1,3.73,day,0
1,0,0,3,8.06,day,0
0,2,0,5,1.87,evening,0
1,0,1,2,2.28,day,1
1,0,0,4,7.66,day,1
2,0,0,2,7.87,day,0
1,3,3,4,8.51,night,0
2,0,1,3,3.04,day,0
2,1,3,0,8.43,evening,0
1,0,1,4,6.54,day,0
0,3,2,1,2.61,night,0
0,0,1,4,5.08,day,1
0,1,2,4,1.84,day,0
2,0,2,2,2.55,day,0
0,2,0,4,7.64,evening,0
3,0,1,2,2.08,evening,0
3,2,3,4,7.81,evening,0
2,0,2,2,5.68,day,0
1,0,1,0,5.7,day,1
0,0,1,1,1.09,evening,1
0,2,1,3,3.04,evening,0
3,2,0,3,4.07,evening,0
1,0,1,1,3.89,evening,0
0,1,3,2,6.72,night,0
0,0,2,3,1.44,evening,0
3,2,3,4,3.13,night,0
2,1,4,1,6.21,night,0
1,1,2,0,4.48,day,0
1,2,1,1,9.06,evening,0
0,0,1,5,2.33,evening,0
4,1,3,2,7.79,night,0
0,0,2,2,2.74,evening,0
4,0,1,4,9.14,night,0
1,0,2,2,6.79,day,0
2,1,1,5,2.15,evening,0
3,2,2,4,9.94,night,0
2,1,1,1,8.97,evening,0
1,1,2,0,9.72,day,0
2,1,3,1,4.15,evening,0
0,0,2,3,7.12,day,0
3,2,2,4,6.85,evening,0
3,3,0,1,4.83,night,0
2,0,1,5,1.69,day,0
2,1,3,4,9.37,evening,0
3,2,3,4,4.86,evening,0
1,1,2,4,6.28,day,0
1,1,2,4,3.01,day,0
1,0,3,3,7.47,evening,0
0,1,2,1,3.27,day,0
0,4,4,2,3.82,night,0
4,2,0,1,4.31,night,0
0,0,1,1,3.41,day,1
1,0,2,3,5.22,evening,0
2,1,2,1,3.53,day,0
2,0,0,2,6.25,day,1
0,0,1,5,1.85,day,1
2,0,2,3,9.93,evening,0
1,2,1,4,2.44,evening,0
2,2,3,5,9.03,evening,0
1,2,3,4,5.28,evening,0
2,0,2,0,3.26,day,0
0,2,1,1,4.72,evening,0
2,0,0,4,5.37,evening,0
1,1,2,4,4.0,day,0
3,1,2,0,1.37,evening,0
1,0,2,4,3.41,day,0
1,0,2,5,6.58,evening,0
4,4,0,2,3.73,night,0
0,1,1,1,1.54,day,1
1,1,1,2,8.21,day,0
0,1,2,3,9.63,night,0
2,1,1,5,4.28,day,0
2,1,0,1,9.08,day,0
2,0,3,2,8.49,night,0
3,2,0,0,4.74,night,0
3,0,1,5,3.06,evening,0
4,1,1,4,4.77,night,0
2,2,1,0,2.94,evening,0
0,0,0,2,8.99,day,1
3,1,0,3,9.92,evening,0
0,1,2,5,1.63,day,0
1,0,3,2,6.24,evening,0
0,1,0,3,7.66,day,1
1,0,0,0,3.39,day,1
2,1,1,5,1.39,day,0
1,0,0,2,3.78,day,1
1,0,1,1,3.18,evening,1
2,0,2,0,7.03,day,0
0,0,2,3,6.57,day,0
1,1,0,3,9.16,day,0
2,0,2,0,6.43,evening,0
0,1,0,5,9.5,day,0
4,3,2,0,4.17,night,0
2,1,1,1,4.13,day,0
2,1,0,5,7.53,day,0
2,0,1,4,3.61,day,0
2,2,1,4,3.98,evening,0
1,0,0,2,9.39,evening,1
3,1,1,0,7.23,evening,0
0,1,2,5,9.35,day,0
2,0,2,5,8.2,day,0
2,2,1,0,6.14,evening,0
0,0,2,0,2.23,day,1
2,0,2,1,1.35,day,0
0,1,1,0,6.81,day,1
4,1,3,1,8.04,night,0
2,0,2,1,3.93,evening,0
0,1,0,3,5.78,day,1
0,1,0,1,7.29,day,1
2,2,1,2,8.24,evening,0
1,0,0,1,9.07,day,1
0,0,1,3,9.11,day,0
1,1,1,0,7.75,day,0
3,0,0,5,9.85,evening,0
3,0,0,0,8.96,evening,0
2,0,3,1,7.5,evening,0
0,0,3,0,8.62,evening,0
1,0,2,3,4.32,day,0
0,2,1,5,1.98,evening,0
2,1,0,1,9.86,day,0
0,2,1,2,3.12,night,0
2,0,2,2,2.84,day,0
3,0,2,4,7.07,evening,0
1,0,1,0,7.65,day,0
0,0,1,5,8.49,day,0
1,1,0,1,4.89,day,1
1,1,2,0,5.54,day,0
1,0,2,1,5.56,day,0
0,1,2,0,8.18,day,0
0,0,0,5,7.24,day,1
1,2,0,2,2.51,evening,0
1,0,1,4,2.5,evening,0
0,1,3,3,7.03,evening,0
2,1,1,4,6.34,day,0
1,4,4,2,6.93,night,0
2,1,1,0,4.5,day,0
0,0,2,0,5.85,day,0
3,1,1,2,5.84,evening,0
1,1,2,0,6.35,day,0
0,1,1,4,2.07,evening,0
1,1,1,5,4.58,evening,0
0,1,1,4,4.55,day,0
2,0,0,3,2.91,day,1
1,2,1,3,5.84,evening,0
1,1,0,1,7.51,evening,0
3,2,3,0,1.37,evening,0
1,0,0,5,7.5,day,0
0,1,2,0,4.78,day,0
0,0,0,1,4.42,day,1
1,1,0,2,9.89,day,0
2,1,1,1,4.53,evening,0
3,0,1,5,9.37,evening,0
1,1,0,0,7.47,day,1
2,0,1,5,4.02,day,0
1,1,0,3,8.05,day,0
2,1,1,2,6.27,day,0
1,0,2,3,4.98,day,0
3,1,3,2,6.5,evening,0
0,1,2,1,9.42,day,0
2,0,1,4,4.97,day,0
3,0,2,2,3.61,night,0
0,1,2,0,3.46,evening,0
2,0,0,2,8.47,day,0
2,1,2,3,3.8,day,0
3,0,2,3,5.48,evening,0
2,4,3,1,7.22,night,0
3,1,2,4,1.27,evening,0
0,2,3,4,7.46,evening,0
0,0,0,5,9.46,day,1
1,2,1,0,9.81,evening,0
2,0,1,4,6.24,day,0
1,1,0,3,1.28,night,0
1,4,3,1,7.88,night,0
2,1,2,2,4.95,evening,0
0,1,4,2,6.76,night,0
2,2,2,3,3.95,evening,0
2,1,1,4,5.16,day,0
2,0,0,1,6.73,day,0
1,0,2,2,2.97,day,0
3,1,0,3,2.15,evening,0
2,2,1,1,8.42,evening,0
1,1,1,5,6.49,day,0
1,4,4,3,6.7,night,0
3,1,1,5,7.95,evening,0
3,2,3,0,8.81,evening,0
2,1,3,1,9.18,evening,0
2,0,0,2,2.21,evening,1
1,1,0,4,9.5,day,0
2,1,1,2,8.83,day,0
2,0,0,5,4.08,day,0
2,1,1,3,5.07,day,0
2,1,1,0,3.3,day,0
2,1,1,5,3.82,day,0
0,0,1,1,3.51,day,1
0,0,2,1,8.22,day,0
4,3,2,5,1.43,night,0
2,0,1,3,1.24,evening,0
0,1,1,3,7.51,day,0
1,0,1,2,9.58,day,0
2,3,1,1,7.56,night,0
0,0,1,0,1.4,day,1
2,0,2,1,2.02,day,0
3,0,3,5,3.48,evening,0
1,1,0,0,7.4,evening,0
0,1,0,4,6.9,night,0
0,0,3,5,6.22,evening,0
2,0,2,1,7.78,day,0
1,0,0,3,2.6,day,1
0,0,0,1,3.6,evening,1
1,1,0,1,6.67,day,1
1,0,0,4,6.89,day,1
1,1,2,2,8.93,evening,0
1,1,1,5,2.1,night,0
2,2,0,5,9.08,night,0
2,1,2,0,9.99,evening,0
0,0,2,1,7.48,day,0
1,1,1,4,3.82,day,0
1,0,2,1,4.2,day,0
0,0,2,4,3.04,day,0
0,1,1,3,4.0,day,0
3,2,0,3,7.55,evening,0
0,0,0,5,6.85,day,1
1,0,1,5,3.48,day,0
0,1,2,4,4.23,day,0
2,0,0,3,6.52,day,0
2,0,3,0,4.79,evening,0
2,1,0,5,9.34,day,0
1,1,0,4,1.0,day,1
0,0,1,0,8.21,day,1
3,1,0,3,6.85,night,0
0,0,1,0,6.23,day,1
0,1,2,4,5.73,day,0
0,1,2,3,6.71,evening,0
2,2,2,1,1.79,evening,0
0,1,2,0,5.29,day,0
1,0,0,2,3.71,day,1
0,2,1,3,3.12,evening,0
2,2,1,0,8.9,evening,0
2,1,0,1,8.59,day,0
3,2,1,0,3.42,night,0
2,0,2,3,8.37,day,0
0,4,3,2,6.78,night,0
1,0,2,1,1.72,day,0
1,0,3,4,3.32,evening,0
0,4,3,2,9.02,night,0
3,2,1,4,2.35,evening,0
1,0,0,1,9.78,day,1
0,1,1,4,1.58,evening,0
1,2,0,3,3.08,evening,0
0,0,0,3,8.94,day,1
1,0,2,4,3.84,day,0
2,2,1,3,9.68,evening,0
0,0,4,3,3.98,night,0
3,2,0,1,6.41,evening,0
0,2,1,5,3.66,evening,0
2,0,2,5,4.86,day,0
0,1,2,4,5.77,day,0
3,4,1,5,6.24,night,0
0,1,2,3,3.37,day,0
1,1,1,3,4.93,day,0
2,2,2,1,7.52,evening,0
0,0,2,0,2.07,night,0
2,0,1,0,8.9,day,0
0,4,2,2,9.33,night,0
3,1,1,1,3.22,evening,0
3,1,2,5,2.25,evening,0
1,0,0,2,1.41,day,1
0,2,1,2,7.31,night,0
3,1,3,3,7.85,evening,0
1,1,0,1,2.49,evening,1
2,0,4,3,2.74,night,0
0,4,3,2,1.51,night,0
3,1,0,4,7.66,evening,0
0,1,0,5,6.68,day,1
0,2,2,4,1.16,night,0
3,2,2,3,8.16,night,0
2,1,2,4,5.99,evening,0
4,1,4,4,2.22,night,0
1,0,3,1,6.04,night,0
3,2,1,0,7.7,evening,0
0,2,2,0,2.18,evening,0
0,4,2,0,5.34,night,0
4,2,1,3,8.22,night,0
1,0,2,5,4.68,evening,0
1,1,0,5,2.97,day,0
0,1,4,4,2.25,night,0
0,0,0,5,2.94,day,1
3,0,0,3,1.44,evening,0
4,0,1,3,8.82,night,0
2,1,0,1,6.69,day,0
0,2,1,2,9.32,night,0
0,0,0,5,7.56,night,0
4,1,3,0,4.24,night,0
0,0,2,2,7.97,day,0
1,0,3,0,1.73,evening,0
2,1,0,0,7.45,night,0
1,2,1,0,7.64,evening,0
0,0,0,3,1.42,day,1
1,0,2,3,9.18,evening,0
0,0,1,1,1.58,day,1
1,1,1,4,4.03,day,0
2,1,0,0,3.23,day,1
0,1,0,0,1.76,day,1
0,1,2,0,2.29,evening,0
0,0,0,4,6.64,day,1
3,2,4,4,7.23,night,0
1,0,1,2,8.85,evening,0
0,1,3,4,5.2,evening,0
3,1,3,5,9.69,evening,0
2,0,2,2,1.38,day,0
2,1,0,2,1.89,day,0
2,1,2,0,7.53,day,0
3,1,2,5,3.6,evening,0
1,0,1,1,4.23,evening,0
1,0,1,4,8.75,evening,0
3,0,2,1,8.28,night,0
1,2,0,5,7.21,evening,0
2,1,3,4,4.52,night,0
0,2,4,5,1.71,night,0
0,0,0,3,3.82,evening,1
0,2,3,4,1.46,evening,0
1,1,0,4,2.96,day,0
3,0,1,0,1.97,evening,0
2,4,0,0,3.14,night,0
1,1,0,0,6.61,night,0
2,1,2,2,2.4,evening,0
2,1,0,1,1.77,day,0
1,0,1,5,9.84,day,0
1,0,1,4,7.61,day,0
2,2,0,3,3.66,evening,0
1,0,2,4,8.3,day,0
0,1,1,3,9.53,day,0
3,2,4,2,5.89,night,0
2,1,2,3,1.55,evening,0
0,1,2,4,1.7,day,0
1,1,1,0,8.71,day,0
0,0,4,5,8.06,night,0
2,3,4,2,6.59,night,0
2,1,3,1,4.26,evening,0
1,2,0,0,1.13,evening,1
0,1,1,4,5.43,day,0
1,2,3,0,8.11,evening,0
1,1,0,1,5.29,day,1
2,1,0,1,9.15,evening,0
4,4,0,1,1.28,night,0
1,1,1,2,2.25,day,0
3,2,1,3,3.62,night,0
4,2,3,3,8.89,night,0
0,0,0,4,5.3,day,1
2,0,2,2,8.25,day,0
1,1,1,3,7.24,day,0
2,1,0,2,8.14,evening,0
3,1,0,1,9.31,evening,0
3,2,2,0,7.55,evening,0
1,0,0,2,4.9,evening,1
0,1,3,3,6.06,evening,0
0,0,2,5,1.44,day,0
0,1,2,3,6.5,day,0
2,1,2,4,2.23,evening,0
2,0,2,5,5.31,day,0
3,0,1,0,3.88,evening,0
0,1,1,0,7.09,day,1
3,2,2,5,7.27,evening,0
2,1,0,3,8.95,evening,0
3,0,2,3,6.21,evening,0
1,0,3,0,7.45,evening,0
2,0,0,0,3.44,day,1
1,1,2,2,9.97,day,0
1,0,2,2,7.99,day,0
4,1,1,3,5.55,night,0
0,0,0,2,1.22,evening,1
2,0,2,3,8.08,day,0
0,0,0,4,4.75,day,1
1,0,0,4,6.8,day,1
3,1,4,2,3.72,night,0
1,0,3,5,7.17,evening,0
1,0,2,5,2.49,day,0
2,2,3,3,4.89,evening,0
3,4,3,0,5.63,night,0
2,0,2,3,4.92,evening,0
2,0,2,0,7.29,day,0
1,2,2,2,8.88,evening,0
2,1,0,3,5.08,evening,0
1,0,1,1,5.59,evening,0
2,1,0,4,4.63,day,0
3,1,1,0,6.14,evening,0
0,1,1,3,6.92,day,0
0,1,1,5,1.75,day,0
1,1,2,5,8.27,day,0
2,0,1,2,2.27,day,0
0,1,2,2,8.96,day,0
1,2,0,3,3.7,night,0
1,0,1,0,3.38,day,1
3,2,2,1,4.23,night,0
3,4,4,4,4.6,night,0
3,1,1,3,6.08,evening,0
0,1,0,3,1.49,day,1
0,0,4,4,8.85,night,0
0,0,1,1,9.5,day,1
0,4,2,2,5.54,night,0
1,0,1,3,3.6,night,0
1,0,0,2,2.45,day,1
1,1,2,3,7.2,day,0
0,1,0,2,4.78,day,1
2,1,2,5,1.55,day,0
1,0,1,5,8.38,evening,0
2,2,3,2,3.06,evening,0
2,1,1,4,9.84,day,0
1,1,2,3,4.3,evening,0
3,0,2,4,4.43,night,0
1,0,2,5,6.79,evening,0
0,0,0,1,9.49,day,1
2,2,1,4,1.6,evening,0
3,0,1,5,2.59,evening,0
1,2,4,2,5.15,night,0
0,1,2,4,6.79,day,0
2,1,2,4,6.16,day,0
2,1,2,1,1.97,day,0
3,0,3,4,5.29,evening,0
1,0,2,5,8.94,night,0
3,2,2,1,7.09,evening,0
0,0,2,1,3.81,day,1
2,0,2,2,2.48,night,0
3,2,3,1,1.15,evening,0
1,2,0,1,3.02,night,0
1,1,3,1,4.92,night,0
0,1,0,0,6.44,day,1
3,1,2,0,2.39,evening,0
3,0,0,5,7.72,evening,0
2,0,1,2,4.2,day,0
1,1,1,2,5.43,evening,0
4,0,4,0,3.26,night,0
2,0,1,4,1.57,day,0
1,2,0,4,7.42,evening,0
3,3,0,0,1.41,night,0
2,0,2,4,9.57,day,0
1,1,0,2,2.07,day,1
1,1,2,4,9.63,day,0
3,2,0,2,2.53,evening,0
4,4,1,3,4.16,night,0
1,1,1,2,4.43,day,0
0,1,3,1,9.51,evening,0
1,0,1,5,8.98,day,0
1,1,2,5,6.6,day,0
0,1,2,4,1.13,night,0
0,1,2,1,1.54,day,0
1,1,1,0,6.02,evening,0
1,1,2,4,2.46,day,0
0,0,0,1,3.7,day,1
0,0,1,3,6.05,day,1
3,1,0,3,7.67,evening,0
4,4,2,2,8.24,night,0
2,0,2,4,9.01,day,0
1,1,1,5,3.62,day,0
2,1,2,3,3.09,day,0
2,0,0,0,5.99,evening,0
2,0,1,0,3.09,evening,0
0,1,0,3,8.27,evening,0
2,2,4,5,4.08,night,0
0,2,1,2,4.13,evening,0
1,0,2,0,5.29,day,0
0,1,1,1,6.35,day,0
0,0,1,4,5.31,day,1
1,0,2,5,7.31,evening,0
2,1,2,3,1.57,day,0
2,1,3,0,2.28,night,0
1,1,1,5,2.23,day,0
0,2,1,4,9.2,evening,0
3,2,1,5,6.7,evening,0
1,0,2,0,3.88,day,0
1,0,1,5,3.54,evening,0
1,1,0,0,5.13,evening,1
3,1,3,0,4.5,evening,0
2,0,2,1,7.82,day,0
1,0,3,4,1.38,night,0
0,0,0,4,8.53,day,1
1,1,3,4,2.39,evening,0
2,0,1,1,1.43,day,1
2,0,2,5,4.73,day,0
2,2,2,4,4.45,night,0
0,0,2,5,2.5,day,0
0,0,0,5,9.75,day,1
4,4,4,2,4.94,night,0
0,1,0,4,5.48,day,1
4,3,4,2,3.39,night,0
3,4,3,0,6.8,night,0
3,2,0,4,2.34,evening,0
2,2,2,3,4.54,evening,0
1,1,2,3,8.87,day,0
1,0,2,4,9.12,day,0
2,3,1,1,4.59,night,0
1,1,1,0,6.41,day,0
4,3,4,2,7.06,night,0
3,1,0,1,2.42,evening,0
2,0,1,2,7.38,night,0
0,0,3,0,4.3,evening,0
1,0,2,5,9.04,day,0
1,1,0,1,7.05,day,1
2,1,4,5,6.56,night,0
1,0,1,0,9.26,day,0
3,1,3,1,2.46,evening,0
1,0,1,5,1.63,day,0
3,2,1,5,9.77,night,0
3,1,3,2,5.16,night,0
0,1,1,1,7.02,day,0
2,1,2,3,8.03,day,0
2,2,2,1,5.72,evening,0
2,0,0,2,6.45,day,1
1,1,3,5,3.27,evening,0
3,1,1,0,8.2,evening,0
1,4,1,0,8.93,night,0
0,0,0,4,8.23,day,1
0,1,3,2,3.69,evening,0
0,1,1,5,1.36,day,0
3,2,0,1,6.61,evening,0
2,1,2,1,6.65,day,0
3,1,4,1,9.85,night,0
0,4,3,4,6.0,night,0
1,1,2,0,8.74,day,0
1,1,0,2,6.39,night,0
0,0,1,2,8.69,night,0
2,0,1,4,3.48,day,0
3,1,3,3,7.53,night,0
3,2,2,2,4.94,evening,0
2,0,2,1,3.32,day,0
1,3,2,5,4.34,night,0
1,1,2,0,8.91,day,0
0,0,2,2,1.32,day,1
3,3,1,1,9.72,night,0
1,0,0,5,7.34,night,0
0,0,0,1,9.7,day,1
3,2,2,4,2.09,evening,0
0,0,0,2,9.9,day,1
0,4,1,5,2.94,night,0
2,0,1,0,4.45,day,0
1,2,2,4,1.32,evening,0
1,0,2,2,2.79,day,0
1,1,0,5,9.11,evening,0
2,0,0,2,7.25,day,0
1,0,1,5,8.14,day,0
1,1,0,5,7.01,day,0
3,0,0,2,3.4,evening,0
1,2,1,3,4.21,evening,0
2,0,3,2,7.24,evening,0
2,0,0,3,7.99,evening,0
0,2,1,1,5.19,evening,0
2,1,2,1,9.35,day,0
3,0,3,5,1.57,evening,0
2,2,3,3,2.72,evening,0
2,2,0,3,3.39,evening,0
3,0,1,0,5.28,evening,0
1,1,0,1,2.39,day,1
2,1,2,5,7.08,day,0
2,0,0,1,2.43,night,0
0,2,3,2,8.7,night,0
0,2,3,3,2.49,night,0
1,1,0,0,5.66,day,1
1,0,0,1,1.53,day,1
0,0,0,5,4.61,day,1
0,2,1,4,7.77,evening,0
3,2,2,4,2.62,evening,0
1,1,1,4,2.91,evening,0
1,0,1,4,8.41,evening,0
1,1,0,3,9.31,day,0
1,0,1,4,2.2,day,0
1,2,2,4,7.65,evening,0
1,1,0,3,8.94,evening,0
0,0,2,3,3.42,day,0
0,2,0,2,3.29,evening,0
0,1,2,5,8.75,day,0
2,1,2,4,3.41,day,0
0,0,1,2,4.45,day,1
1,0,0,5,5.93,day,1
0,0,1,4,5.13,day,1
2,0,1,4,2.31,day,0
1,1,0,3,5.71,day,0
1,0,2,1,4.61,day,0
1,1,2,0,3.18,evening,0
3,2,3,3,6.0,evening,0
1,0,3,4,5.99,evening,0
2,4,2,3,1.27,night,0
0,1,1,5,2.58,day,0
2,1,0,5,9.78,day,0
0,1,2,5,5.53,evening,0
0,0,2,2,6.76,day,0
4,0,3,3,1.47,night,0
3,1,1,5,9.55,evening,0
2,1,0,2,9.02,day,0
3,1,1,3,7.07,evening,0
1,1,1,0,8.24,evening,0
0,4,1,2,8.78,night,0
0,1,2,2,7.33,day,0
2,1,0,3,7.2,day,0
1,1,1,3,7.81,evening,0
4,3,0,5,2.85,night,0
0,0,2,1,6.09,day,0
1,4,3,2,3.25,night,0
0,0,1,2,9.21,day,1
2,1,2,2,7.24,day,0
0,1,1,4,6.2,day,0
0,2,0,4,4.78,evening,0
1,0,2,5,2.56,day,0
0,0,0,2,8.84,day,1
0,0,1,0,5.97,day,1
2,0,2,5,5.31,day,0
0,1,2,5,8.56,day,0
1,0,1,3,9.99,day,0
2,0,3,2,9.85,evening,0
2,1,1,1,8.03,day,0
0,2,0,2,4.91,evening,1
0,2,2,5,6.25,evening,0
0,0,0,3,6.61,day,1
1,3,2,2,8.64,night,0
0,1,3,1,4.64,evening,0
1,2,0,1,2.84,evening,0
0,0,1,1,6.57,evening,1
0,0,2,2,9.39,night,0
1,1,3,4,8.69,evening,0
3,3,1,4,5.89,night,0
0,0,0,4,9.27,day,1
4,4,0,5,8.29,night,0
2,1,1,3,5.84,night,0
1,1,1,0,1.34,day,0
1,0,2,1,1.72,evening,0
2,1,0,1,2.93,day,0
0,2,3,3,3.25,evening,0
0,2,4,3,1.45,night,0
2,1,3,4,3.56,night,0
0,0,2,0,2.3,day,1
2,2,4,4,1.85,night,0
1,0,0,3,1.84,day,1
2,0,1,3,1.4,day,0
2,2,1,5,1.4,evening,0
1,0,0,5,8.59,day,0
0,1,0,3,7.27,day,1
0,1,2,0,1.27,day,0
0,0,2,2,6.78,day,0
1,1,3,3,1.97,evening,0
3,1,2,4,6.8,evening,0
0,1,0,2,8.73,day,1
4,4,1,0,8.0,night,0
1,0,2,5,6.27,day,0
0,0,1,3,4.83,day,1
0,0,1,2,3.06,evening,1
1,0,1,0,4.18,day,1
1,1,1,5,4.71,night,0
2,3,2,3,2.76,night,0
3,1,3,3,7.53,evening,0
2,0,2,1,3.15,day,0
1,1,2,0,6.22,evening,0
1,1,0,4,8.87,day,0
0,1,1,5,1.77,day,0
2,1,2,0,1.6,day,0
0,1,3,0,4.0,evening,0
2,0,0,5,2.92,day,0
0,0,1,2,5.6,evening,1
1,0,1,2,2.39,day,1
1,0,2,5,6.14,day,0
2,0,2,4,9.47,day,0
3,2,3,1,9.12,evening,0
1,1,1,3,5.17,evening,0
2,0,2,0,2.03,evening,0
2,0,2,5,8.93,day,0
0,0,0,1,9.91,day,1
4,1,3,5,8.82,night,0
2,0,0,0,3.78,day,1
2,2,1,1,2.07,evening,0
0,0,2,3,5.31,day,0
0,4,0,3,5.6,night,0
0,1,0,1,5.13,evening,1
1,0,0,3,6.46,day,1
2,2,2,4,8.31,night,0
1,4,0,2,2.31,night,0
1,0,0,3,5.88,day,1
1,3,0,2,8.23,night,0
3,2,4,2,7.98,night,0
3,2,2,3,7.06,evening,0
0,1,1,0,3.68,day,1
2,0,1,3,4.65,evening,0
3,4,4,2,3.57,night,0
1,2,3,4,6.7,evening,0
0,0,2,0,2.78,day,1
2,1,0,5,7.68,day,0
3,2,0,5,3.3,night,0
1,0,1,2,8.12,day,0
0,1,1,2,3.69,day,1
2,0,0,2,8.98,evening,0
2,0,1,3,5.94,day,0
0,0,2,3,8.69,evening,0
0,1,1,5,4.8,day,0
1,0,3,2,1.3,evening,0
2,0,2,1,4.37,day,0
3,2,0,2,3.18,evening,0
3,1,0,4,4.84,evening,0
3,0,2,4,1.42,night,0
2,0,1,0,5.61,day,0
2,0,3,1,7.07,evening,0
1,2,3,5,8.12,night,0
3,2,3,4,9.35,evening,0
2,3,0,0,3.89,night,0
2,0,2,2,1.93,day,0
1,1,1,4,6.53,day,0
3,4,4,3,5.18,night,0
0,1,2,2,9.67,day,0
3,2,1,0,6.62,evening,0
2,0,1,2,8.52,day,0
2,4,2,2,8.33,night,0
2,0,0,0,9.07,evening,0
1,0,0,1,8.39,evening,0
2,1,2,3,5.37,evening,0
2,0,1,2,7.84,night,0
2,0,0,2,7.52,day,0
2,0,2,1,2.79,day,0
4,1,0,5,7.37,night,0
0,1,0,0,6.36,evening,1
3,1,0,5,9.48,evening,0
2,0,3,3,4.28,evening,0
1,1,2,2,8.07,evening,0
3,2,3,5,5.37,evening,0
2,2,0,4,8.32,night,0
0,4,3,1,8.14,night,0
2,1,4,5,9.25,night,0
1,2,4,1,1.37,night,0
2,0,1,3,2.86,day,0
2,1,0,0,1.75,day,1
2,2,3,3,1.58,evening,0
3,2,3,5,5.55,evening,0
1,3,2,0,9.18,night,0
0,3,2,3,7.04,night,0
1,1,1,1,7.1,day,0
2,1,2,0,4.26,day,0
0,1,0,3,8.81,day,1
2,0,1,0,2.16,evening,0
3,3,1,5,6.8,night,0
0,1,0,3,7.12,evening,1
3,2,2,0,6.47,evening,0
0,0,1,1,8.79,day,1
2,1,1,5,5.29,day,0
2,0,1,2,4.59,day,0
0,0,2,1,7.71,day,0
0,1,2,0,1.22,evening,0
2,1,3,2,1.89,night,0
3,2,1,4,9.23,evening,0
3,0,2,3,9.83,night,0
2,2,2,2,7.8,evening,0
0,1,1,2,9.0,day,0
3,2,0,1,7.27,evening,0
0,1,1,2,3.4,day,1
1,0,0,4,2.25,day,1
0,0,0,4,7.3,evening,1
2,0,3,2,6.81,evening,0
2,2,3,2,7.67,evening,0
0,1,3,3,6.09,evening,0
1,0,1,4,8.23,day,0
3,3,0,1,8.49,night,0
2,0,1,5,6.31,day,0
1,0,2,3,3.65,night,0
3,2,2,4,9.4,evening,0
0,0,1,5,4.93,day,1
1,0,1,3,3.65,day,1
1,1,4,3,1.48,night,0
1,0,1,4,2.44,evening,0
0,2,3,2,5.44,night,0
0,1,2,1,3.88,day,0
0,0,0,5,1.79,day,1
2,1,0,4,1.36,day,0
2,1,3,3,2.21,evening,0
0,0,1,0,6.12,day,1
2,2,1,3,6.97,night,0
0,0,1,2,2.55,day,1
0,0,1,5,1.12,day,1
3,1,1,3,4.99,evening,0
2,1,2,5,6.57,day,0
2,0,0,1,8.32,day,0
1,0,0,3,6.46,day,1
2,1,1,2,4.07,day,0
3,2,3,1,8.35,evening,0
1,1,1,3,3.19,evening,0
3,1,1,1,6.93,evening,0
2,0,1,4,5.23,day,0
1,0,2,3,5.79,day,0
1,1,2,5,1.06,day,0
2,1,1,0,8.38,day,0
1,1,3,2,6.89,evening,0
3,0,2,0,2.29,night,0
0,2,2,1,6.48,night,0
0,0,0,1,3.62,day,1
2,0,2,2,2.73,evening,0
0,0,2,2,6.41,day,0
0,1,2,1,1.5,day,1
0,1,2,2,6.15,day,0
2,0,0,0,7.65,evening,0
0,2,1,2,1.49,evening,0
2,0,1,1,3.51,day,0
3,1,1,3,3.93,evening,0
0,1,2,0,9.27,day,0
3,4,4,0,9.87,night,0
2,3,3,5,2.36,night,0
3,2,3,0,4.53,night,0
0,2,0,2,5.09,evening,1
4,2,2,4,1.96,night,0
0,0,3,3,5.74,night,0
1,1,2,0,8.59,day,0
1,2,2,2,5.0,evening,0
2,1,0,4,1.44,day,0
1,1,1,2,7.92,day,0
0,1,0,1,8.41,day,1
1,1,2,1,8.26,day,0
0,1,1,0,3.48,day,1
2,1,1,2,7.29,day,0
0,0,1,4,7.09,day,0
0,0,2,2,2.71,day,0
0,0,1,1,5.34,day,1
2,1,0,1,2.87,evening,0
3,2,2,1,9.32,evening,0
1,1,2,2,4.9,day,0
1,1,2,0,8.32,day,0
1,1,2,5,6.16,day,0
2,1,2,2,9.98,day,0
0,3,4,1,4.89,night,0
0,0,0,4,7.97,evening,1
2,0,2,1,4.89,day,0
1,2,1,5,6.73,evening,0
1,1,2,2,8.75,day,0
1,0,2,5,9.26,day,0
1,0,1,2,9.9,day,0
0,0,1,4,7.38,day,1
1,0,2,4,1.36,day,0
3,2,3,1,6.48,evening,0
0,0,0,3,7.88,day,1
0,0,0,2,1.09,night,1
2,0,3,2,4.33,night,0
2,2,2,4,6.84,evening,0
3,2,3,5,3.57,evening,0
1,1,2,0,7.43,evening,0
2,1,2,2,4.09,day,0
2,1,2,2,3.55,evening,0
1,1,0,3,4.92,evening,0
0,0,2,1,5.31,evening,0
1,1,1,1,2.03,day,0
2,1,1,4,4.15,day,0
1,1,1,4,9.38,evening,0
0,1,2,0,6.63,day,0
0,4,1,1,7.17,night,0
3,2,1,1,9.3,evening,0
0,1,0,5,7.04,day,0
3,0,0,4,7.81,evening,0
1,0,2,3,7.36,day,0
0,0,1,4,1.48,evening,1
2,2,0,3,6.68,evening,0
3,0,3,4,9.9,evening,0
2,0,1,0,5.79,evening,0
2,0,0,4,4.9,day,0
0,2,1,5,2.86,evening,0
2,2,1,3,2.78,night,0
0,1,1,5,8.27,evening,0
2,0,2,1,2.05,evening,0
2,4,1,3,4.23,night,0
3,0,0,2,2.32,evening,0
1,0,0,4,3.91,evening,1
0,2,2,3,5.65,evening,0
0,1,0,0,5.79,day,1
3,1,3,5,4.7,evening,0
0,0,1,1,2.79,day,1
3,2,0,0,6.12,evening,0
2,2,4,3,2.02,night,0
2,1,2,1,4.47,day,0
1,4,2,3,4.36,night,0
1,2,1,0,6.4,evening,0
2,1,0,1,2.84,day,1
0,0,1,4,5.85,evening,0
2,1,0,5,4.4,day,0
0,1,1,5,4.6,day,0
2,3,1,0,4.66,night,0
1,2,1,1,2.08,night,0
1,0,2,4,5.77,day,0
0,1,0,1,6.31,day,1
2,2,0,1,2.77,evening,0
1,0,1,0,7.78,day,1
2,0,3,2,5.35,evening,0
2,1,1,1,9.91,day,0
2,1,3,1,6.71,night,0
2,2,3,4,9.54,evening,0
2,1,2,5,3.25,day,0
1,1,0,0,8.74,day,1
0,4,0,5,8.97,night,0
2,0,0,2,8.31,day,0
1,0,2,4,8.16,day,0
3,0,0,4,8.13,evening,0
0,0,3,4,8.21,evening,0
3,1,2,0,3.31,evening,0
2,4,2,4,9.11,night,0
0,0,0,4,5.26,day,1
1,2,0,5,2.22,evening,0
1,1,0,4,6.49,day,0
2,2,0,5,7.86,night,0
1,0,2,5,2.54,day,0
2,2,3,3,3.52,evening,0
1,2,2,5,3.01,evening,0
1,1,0,3,9.51,day,0
1,0,0,1,8.45,day,1
1,2,4,2,3.07,night,0
1,0,3,2,7.31,evening,0
2,1,4,2,6.92,night,0
1,0,1,0,1.64,day,1
1,0,0,1,4.69,day,1
1,1,2,0,6.25,evening,0
3,4,2,1,9.85,night,0
3,0,4,4,5.83,night,0
2,0,2,1,6.48,night,0
4,4,4,3,3.97,night,0
2,0,2,2,5.94,day,0
2,1,2,3,2.57,day,0
0,0,1,1,8.81,evening,1
0,0,0,5,4.19,day,1
0,3,0,1,3.6,night,0
0,1,0,4,5.02,day,1
2,0,2,4,2.33,evening,0
0,0,1,2,6.63,day,1
2,2,1,5,1.34,evening,0
3,3,2,4,5.31,night,0
3,1,3,1,8.89,evening,0
1,0,1,4,1.81,day,1
2,1,0,1,4.44,day,0
2,0,1,2,2.9,day,0
2,2,2,1,7.25,evening,0
1,4,4,0,3.2,night,0
0,1,1,0,6.91,evening,0
2,1,1,4,3.64,day,0
0,1,1,1,6.51,day,1
1,1,0,2,8.81,day,0
3,2,3,5,4.18,evening,0
0,3,1,3,4.79,night,0
1,1,3,4,5.73,evening,0
2,1,4,0,8.0,night,0
0,0,2,1,8.08,day,0
4,3,2,2,1.34,night,0
1,1,0,0,8.0,evening,0
1,2,0,0,3.02,evening,0
3,0,3,1,2.58,evening,0
2,0,2,3,2.27,day,0
1,1,1,0,9.43,day,0
0,2,1,0,6.23,evening,0
1,3,4,1,4.78,night,0
2,0,0,0,4.16,day,1
0,0,3,2,1.73,evening,0
2,1,2,0,4.18,day,0
3,3,0,5,3.73,night,0
1,0,3,1,7.29,evening,0
0,0,0,4,8.71,day,1
3,1,3,5,6.76,evening,0
2,1,2,3,6.6,day,0
2,0,2,2,5.04,day,0
3,2,2,0,7.95,evening,0
0,1,0,5,7.8,day,0
1,1,2,3,9.93,day,0
2,1,1,5,6.0,day,0
0,1,0,3,8.89,evening,0
4,4,3,1,9.84,night,0
2,2,2,1,6.0,evening,0
3,4,2,4,6.62,night,0
1,0,2,3,8.83,evening,0
1,0,0,5,1.47,day,1
1,1,2,2,4.44,day,0
1,2,2,4,9.08,night,0
2,0,1,0,1.23,day,1
1,0,0,5,2.63,day,1
4,3,0,3,2.48,night,0
2,1,4,0,6.77,night,0
1,0,2,4,9.36,day,0
0,3,4,2,4.41,night,0
3,0,3,2,5.15,evening,0
1,2,1,5,9.71,night,0
0,2,2,3,5.12,evening,0
0,1,1,3,4.28,day,0
1,0,2,3,6.55,evening,0
3,1,1,0,8.57,evening,0
2,0,1,2,4.44,day,0
3,1,1,3,5.53,evening,0
2,0,2,0,1.15,day,0
2,4,2,5,4.59,night,0
3,0,3,5,8.59,evening,0
1,0,2,1,1.61,day,0
3,1,3,4,9.31,evening,0
2,1,0,4,5.49,evening,0
2,1,2,4,1.11,day,0
2,1,0,5,7.77,evening,0
1,0,0,3,3.91,day,1
1,0,0,1,6.22,day,1
1,2,4,3,2.12,night,0
3,1,3,3,8.89,evening,0
1,1,3,2,7.19,evening,0
3,3,1,0,6.76,night,0
1,0,1,5,8.51,day,0
4,4,2,3,8.78,night,0
1,1,1,4,6.33,day,0
2,2,1,3,2.45,evening,0
1,0,2,3,6.84,evening,0
3,0,2,3,2.31,night,0
1,2,1,1,5.18,evening,0
2,0,2,2,7.3,day,0
1,0,2,3,2.09,day,0
1,1,0,0,7.98,evening,0
2,1,1,4,7.43,evening,0
2,1,1,3,3.77,evening,0
0,2,1,5,6.65,evening,0
3,1,3,3,8.64,night,0
3,1,4,0,4.01,night,0
2,1,0,4,2.87,evening,0
1,1,2,5,7.79,day,0
1,3,0,3,2.93,night,0
2,0,1,3,7.98,day,0
0,0,1,3,1.26,evening,1
1,1,3,2,1.98,night,0
0,0,1,0,9.67,day,1
1,1,2,1,4.76,day,0
3,1,3,5,8.63,evening,0
3,1,3,0,6.42,evening,0
1,2,1,5,1.64,evening,0
0,1,2,0,7.7,day,0
0,1,4,2,9.69,night,0
2,1,0,5,2.53,evening,0
3,0,3,4,7.71,evening,0
3,0,4,2,3.26,night,0
1,2,3,4,2.34,evening,0
0,1,3,4,2.69,evening,0
0,0,0,1,5.03,evening,1
1,2,2,2,5.97,evening,0
0,2,3,5,1.8,evening,0
0,0,1,5,9.41,day,0
1,0,3,4,9.62,night,0
0,1,2,1,3.0,day,0
1,2,2,2,8.73,night,0
2,1,2,0,1.71,night,0
2,0,0,4,9.12,evening,0
2,0,0,3,5.09,evening,0
0,2,0,0,1.16,evening,1
0,2,2,4,3.89,evening,0
2,0,3,3,4.61,evening,0
3,2,1,0,9.62,evening,0
1,1,1,4,4.04,day,0
2,1,0,4,2.98,day,0
1,0,3,3,8.08,evening,0
3,2,1,1,1.86,evening,0
1,0,0,4,4.04,day,1
1,1,3,4,5.12,evening,0
0,4,3,0,8.97,night,0
0,0,1,3,5.01,evening,1
2,0,1,4,2.55,day,0
0,3,3,1,2.21,night,0
2,4,1,3,1.22,night,0
3,0,3,2,8.05,evening,0
1,1,2,3,4.25,day,0
1,4,2,3,8.22,night,0
2,2,2,1,7.7,evening,0
2,0,2,2,1.74,evening,0
1,2,0,3,9.22,evening,0
1,2,0,0,5.79,night,0
0,0,0,3,4.07,day,1
1,1,0,2,9.3,day,0
1,0,3,0,2.6,evening,0
2,0,1,3,3.83,day,0
3,0,3,4,5.45,night,0
1,1,1,1,7.98,day,0
0,1,1,5,4.42,evening,0
4,3,3,3,3.89,night,0
0,1,2,0,2.28,day,0
0,0,1,5,4.63,evening,0
3,0,1,1,3.09,evening,0
1,1,2,5,3.94,day,0
2,3,3,1,4.19,night,0
0,0,1,0,3.03,day,1
0,1,2,4,2.41,day,0
0,0,1,5,4.57,day,0
2,1,1,0,1.19,day,0
2,2,2,1,2.43,evening,0
3,0,1,3,1.81,evening,0
0,0,2,3,6.82,evening,0
1,1,0,0,7.77,night,0
0,1,2,5,5.14,day,0
1,1,3,5,6.56,evening,0
2,0,2,5,1.35,day,0
2,0,0,4,8.95,evening,0
1,0,1,0,3.14,evening,1
1,0,2,4,1.63,day,0
2,1,0,4,6.8,day,0
1,1,1,0,9.55,day,0
0,3,2,4,7.23,night,0
2,0,1,2,8.67,day,0
0,0,1,3,8.25,day,1
1,0,1,3,2.93,day,1
1,1,2,3,7.86,day,0
1,4,1,1,3.51,night,0
1,2,2,5,5.13,night,0
1,0,1,2,3.33,evening,0
1,0,1,3,1.78,day,1
2,0,3,1,6.31,evening,0
1,0,2,2,5.79,evening,0
0,1,1,5,4.54,day,0
2,4,4,1,1.82,night,0
0,2,1,5,3.56,evening,0
1,3,4,5,7.89,night,0
3,4,2,2,5.13,night,0
1,0,3,5,3.86,evening,0
0,2,2,3,8.2,evening,0
3,2,3,5,9.27,evening,0
2,0,1,5,9.32,evening,0
1,1,1,1,8.4,day,0
2,0,0,1,2.07,day,1
1,1,0,3,8.47,evening,0
0,1,2,4,1.55,evening,0
1,0,3,3,8.43,evening,0
3,1,3,5,1.43,night,0
1,0,2,1,5.34,day,0
3,1,3,0,3.28,evening,0
4,3,4,4,2.32,night,0
2,0,2,5,1.53,day,0
2,1,1,2,1.84,day,0
2,1,1,4,1.51,evening,0
1,1,0,1,8.28,evening,0
2,1,0,4,9.28,day,0
3,2,2,2,3.55,evening,0
1,1,2,1,8.52,day,0
1,0,0,3,4.13,day,1
1,4,4,4,9.94,night,0
3,0,3,0,8.23,night,0
2,0,2,2,3.48,evening,0
0,1,2,5,4.31,day,0
2,3,1,5,7.52,night,0
3,2,0,4,3.8,night,0
1,0,1,3,2.01,day,0
1,0,2,2,4.26,day,0
2,0,2,2,1.03,evening,0
1,1,2,2,8.13,day,0
1,2,3,3,8.04,evening,0
1,0,3,2,8.01,evening,0
1,1,3,3,6.93,evening,0
0,1,0,2,2.73,night,1
3,0,1,5,3.11,evening,0
3,2,2,3,5.06,evening,0
0,0,0,4,7.73,day,1
0,1,0,1,4.59,day,1
1,2,0,5,4.57,evening,0
1,1,0,2,3.73,day,1
2,1,1,2,5.78,day,0
1,2,3,2,6.82,evening,0
2,1,1,5,7.1,day,0
1,2,3,2,9.61,evening,0
0,1,1,4,9.11,day,0
1,0,2,3,7.66,day,0
1,0,0,0,8.49,day,1
0,0,2,1,9.3,day,0
4,0,1,4,8.76,night,0
